{
    "total_properties": 43564,
    "properties_with_potential": 9129,
    "total_potential_sqft": 22459768.748848714,
    "profit_estimation_usd": 1684482656.1636536,
    "percentage_with_potential": 20.955375998530897,
    "center_lon": -71.11238784172546,
    "center_lat": 42.29311348147553
}