{
    "total_properties": 11723,
    "properties_with_potential": 1260,
    "total_potential_sqft": 167384927.0966476,
    "profit_estimation_usd": 12553869532.24857,
    "percentage_with_potential": 10.748102021666808
}